Name,Division ID,Event,Adjusted Total,rank,Quaich Tour Points
Rick Rick,MPO,Scottish Matchplay Championships - Ides of Match,1,1.0,100
Ben Preston,MPO,Scottish Matchplay Championships - Ides of Match,2,2.0,97
Pete Dawson,MPO,Scottish Matchplay Championships - Ides of Match,3,3.0,94
Benji Heywood,MPO,Scottish Matchplay Championships - Ides of Match,4,4.0,92
Charlie Obrien,MPO,Scottish Matchplay Championships - Ides of Match,5,5.0,89
Chris O'Brien,MPO,Scottish Matchplay Championships - Ides of Match,6,6.0,86
Andrew Finlay,MPO,Scottish Matchplay Championships - Ides of Match,7,7.0,84
Chris Smith,MPO,Scottish Matchplay Championships - Ides of Match,8,8.0,81
Seamus Scanlon,MPO,Scottish Matchplay Championships - Ides of Match,9,9.0,89
Lloyd Wells,MPO,Scottish Matchplay Championships - Ides of Match,10,10.0,86
Alan Davidson,MPO,Scottish Matchplay Championships - Ides of Match,11,11.0,84
Paul Hodgson,MPO,Scottish Matchplay Championships - Ides of Match,12,12.0,81
Trevor Bechtel,MPO,Scottish Matchplay Championships - Ides of Match,13,13.0,79
Laurence Jordan,MPO,Scottish Matchplay Championships - Ides of Match,14,14.0,76
Christopher Burrows,MPO,Scottish Matchplay Championships - Ides of Match,15,15.0,73
Fergus McLean,MPO,Scottish Matchplay Championships - Ides of Match,16,16.0,71
Tiffany Strandbygaard,MPO,Scottish Matchplay Championships - Ides of Match,17,17.0,79
Graham McGill,MPO,Scottish Matchplay Championships - Ides of Match,18,18.0,76
Cole Hamilton,MPO,Scottish Matchplay Championships - Ides of Match,19,19.0,73
Graham Robbie,MPO,Scottish Matchplay Championships - Ides of Match,20,20.0,71
Rob Ng,MPO,Scottish Matchplay Championships - Ides of Match,21,21.0,68
Jack Edgar,MPO,Scottish Matchplay Championships - Ides of Match,22,22.0,66
James McHardy,MPO,Scottish Matchplay Championships - Ides of Match,23,23.0,63
Fergus Bolton,MPO,Scottish Matchplay Championships - Ides of Match,24,24.0,60
Kyle Roderick,MPO,Scottish Matchplay Championships - Ides of Match,25,25.0,68
Paul Molloy,MPO,Scottish Matchplay Championships - Ides of Match,26,26.0,66
John Clark,MPO,Scottish Matchplay Championships - Ides of Match,27,27.0,63
Thomas Wells,MPO,Scottish Matchplay Championships - Ides of Match,28,28.0,60
Callum Taylor,MPO,Scottish Matchplay Championships - Ides of Match,29,29.0,58
Ritchie Gardner,MPO,Scottish Matchplay Championships - Ides of Match,30,30.0,55
Alan Young,MPO,Scottish Matchplay Championships - Ides of Match,31,31.0,53
Joe Cohen,MPO,Scottish Matchplay Championships - Ides of Match,32,32.0,50
Hugh Watson,MPO,Scottish Matchplay Championships - Ides of Match,33,33.0,58
Richard Clegg,MPO,Scottish Matchplay Championships - Ides of Match,34,34.0,55
Alex Burton,MPO,Scottish Matchplay Championships - Ides of Match,35,35.0,53
Peter Morrison,MPO,Scottish Matchplay Championships - Ides of Match,36,36.0,50
Matthew Dooner,MPO,Scottish Matchplay Championships - Ides of Match,37,37.0,47
Peter Keightley,MPO,Scottish Matchplay Championships - Ides of Match,38,38.0,45
Gareth Picton,MPO,Scottish Matchplay Championships - Ides of Match,39,39.0,42
John Wilson,MPO,Scottish Matchplay Championships - Ides of Match,40,40.0,40
Laura Fyfe,MPO,Scottish Matchplay Championships - Ides of Match,41,41.0,47
Carl Roderick,MPO,Scottish Matchplay Championships - Ides of Match,42,42.0,45
Danny Glen,MPO,Scottish Matchplay Championships - Ides of Match,43,43.0,42
Dakota Timming,MPO,Scottish Matchplay Championships - Ides of Match,44,44.0,40
Euan Boyle,MPO,Scottish Matchplay Championships - Ides of Match,45,45.0,37
Anthony Jackson,MPO,Scottish Matchplay Championships - Ides of Match,46,46.0,34
Kristopher Glen,MPO,Scottish Matchplay Championships - Ides of Match,47,47.0,32
Jason Glen,MPO,Scottish Matchplay Championships - Ides of Match,48,48.0,29
Phil Kirby,MPO,Scottish Matchplay Championships - Ides of Match,49,49.0,37
Ryan Junor,MPO,Scottish Matchplay Championships - Ides of Match,50,50.0,34
Tom Warren,MPO,Scottish Matchplay Championships - Ides of Match,51,51.0,32
Ross Brown,MPO,Scottish Matchplay Championships - Ides of Match,52,52.0,29
Hamish Dickson,MPO,Scottish Matchplay Championships - Ides of Match,53,53.0,27
Gavin Devlin,MPO,Scottish Matchplay Championships - Ides of Match,54,54.0,24
Andrew Wilson,MPO,Scottish Matchplay Championships - Ides of Match,55,55.0,21
Johnny Warren,MPO,Scottish Matchplay Championships - Ides of Match,56,56.0,19
Andrea Trevisan,MPO,Scottish Matchplay Championships - Ides of Match,57,57.0,27
Tommy Dunn,MPO,Scottish Matchplay Championships - Ides of Match,58,58.0,24
Adrian Mutei,MPO,Scottish Matchplay Championships - Ides of Match,59,59.0,21
Cammy Greig,MPO,Scottish Matchplay Championships - Ides of Match,60,60.0,19
Flora Rougvie,MPO,Scottish Matchplay Championships - Ides of Match,61,61.0,16
Tarran Fiddes,MPO,Scottish Matchplay Championships - Ides of Match,62,62.0,14
Roddy Hutchison,MPO,Scottish Matchplay Championships - Ides of Match,63,63.0,11
Barbara Rast Keightley,MPO,Scottish Matchplay Championships - Ides of Match,64,64.0,8
Richard Beaumont,MPO,Scottish Matchplay Championships - Ides of Match,65,65.0,6
Ross Johnstone,MPO,Scottish Matchplay Championships - Ides of Match,66,66.0,3
Dustin Keegan,MPO,Battle on the Bann ‘23 in association with Flickline Disc golf ,157.0,1.0,100
Zoe AnDyke,FPO,Battle on the Bann ‘23 in association with Flickline Disc golf ,176.0,2.0,97
Mark Oxer,MPO,Battle on the Bann ‘23 in association with Flickline Disc golf ,177.0,3.0,94
Benjamin Smith,MPO,Battle on the Bann ‘23 in association with Flickline Disc golf ,177.0,3.0,94
Jake Walpole,MPO,Battle on the Bann ‘23 in association with Flickline Disc golf ,179.0,5.0,88
Ben Matthews,MPO,Battle on the Bann ‘23 in association with Flickline Disc golf ,181.0,6.0,85
Daniel Morgan,MA1,Battle on the Bann ‘23 in association with Flickline Disc golf ,184.0,7.0,82
Jakob Zwank,MA1,Battle on the Bann ‘23 in association with Flickline Disc golf ,184.0,7.0,82
Patrick McGeough,MA1,Battle on the Bann ‘23 in association with Flickline Disc golf ,187.0,9.0,76
Sean Craig,MA1,Battle on the Bann ‘23 in association with Flickline Disc golf ,193.0,10.0,73
Chris Millar,MA1,Battle on the Bann ‘23 in association with Flickline Disc golf ,195.0,11.0,70
Andrew Coulter,MA1,Battle on the Bann ‘23 in association with Flickline Disc golf ,202.0,12.0,67
Sanyam McNie,MA40,Battle on the Bann ‘23 in association with Flickline Disc golf ,379.0,13.0,65
Graham McGill,MA40,Battle on the Bann ‘23 in association with Flickline Disc golf ,383.0,14.0,62
Harry McCallum,MA2,Battle on the Bann ‘23 in association with Flickline Disc golf ,390.0,15.0,59
Peter Morrison,MA2,Battle on the Bann ‘23 in association with Flickline Disc golf ,391.0,16.0,56
Jay Penn,MA2,Battle on the Bann ‘23 in association with Flickline Disc golf ,394.0,17.0,53
Pádraig Mulholland,MA2,Battle on the Bann ‘23 in association with Flickline Disc golf ,396.0,18.0,50
Alan Hogg,MA2,Battle on the Bann ‘23 in association with Flickline Disc golf ,397.0,19.0,47
David Finley,MA40,Battle on the Bann ‘23 in association with Flickline Disc golf ,403.0,20.0,44
Jack Gibson,MA2,Battle on the Bann ‘23 in association with Flickline Disc golf ,404.0,21.0,41
Gary Parr,MA40,Battle on the Bann ‘23 in association with Flickline Disc golf ,405.0,22.0,38
Jennifer Houghtaling,FA1,Battle on the Bann ‘23 in association with Flickline Disc golf ,417.0,23.0,35
Patrick Grant,MA2,Battle on the Bann ‘23 in association with Flickline Disc golf ,418.0,24.0,33
Brian Rainey,MA40,Battle on the Bann ‘23 in association with Flickline Disc golf ,419.0,25.0,30
James Houck,MA40,Battle on the Bann ‘23 in association with Flickline Disc golf ,423.0,26.0,27
Rachel Kane,FA2,Battle on the Bann ‘23 in association with Flickline Disc golf ,439.0,27.0,24
Bronagh Murray,FA2,Battle on the Bann ‘23 in association with Flickline Disc golf ,447.0,28.0,21
Aobh Sharvin,FA2,Battle on the Bann ‘23 in association with Flickline Disc golf ,454.0,29.0,18
Pádraig Ó Gráda,MA2,Battle on the Bann ‘23 in association with Flickline Disc golf ,457.0,30.0,15
Corey Hanna,FA2,Battle on the Bann ‘23 in association with Flickline Disc golf ,495.0,31.0,12
Clare Maguire,FA2,Battle on the Bann ‘23 in association with Flickline Disc golf ,539.0,32.0,9
Asim Ali,MPO,Battle on the Bann ‘23 in association with Flickline Disc golf ,1998.0,33.0,6
Isaac McCauley,MA1,Battle on the Bann ‘23 in association with Flickline Disc golf ,1998.0,33.0,6
Eavan O’Brien,FA1,Battle on the Bann ‘23 in association with Flickline Disc golf ,1998.0,33.0,6
James Luton,MPO,Farewell Fanmore ,171.0,1.0,100
Pete Dawson,MPO,Farewell Fanmore ,179.0,2.0,97
Ben Bolton,MPO,Farewell Fanmore ,199.0,3.0,95
Jamie Doak,MA2,Farewell Fanmore ,200.0,4.0,93
Kyle Roderick,MA2,Farewell Fanmore ,201.0,5.0,91
Trevor Bechtel,MA40,Farewell Fanmore ,205.0,6.0,89
Lloyd Wells,MA40,Farewell Fanmore ,209.0,7.0,87
John Gore,MA50,Farewell Fanmore ,210.0,8.0,85
Ewan Penman,MA2,Farewell Fanmore ,210.0,8.0,85
Thomas Wells,MA2,Farewell Fanmore ,211.0,10.0,81
Jon Luke Henderson,MA3,Farewell Fanmore ,211.0,10.0,81
David Wilson,MA40,Farewell Fanmore ,213.0,12.0,77
Graham McGill,MA40,Farewell Fanmore ,214.0,13.0,75
Neal Pickett,MP40,Farewell Fanmore ,215.0,14.0,73
Michael McGowan,MA40,Farewell Fanmore ,222.0,15.0,71
Zvi Teff,MA2,Farewell Fanmore ,224.0,16.0,69
Adrian Sorin Mutei,MA2,Farewell Fanmore ,224.0,16.0,69
Stephen Scott,MA3,Farewell Fanmore ,226.0,18.0,64
Andrea Trevisan,MA3,Farewell Fanmore ,227.0,19.0,62
James Reddaway,MA3,Farewell Fanmore ,228.0,20.0,60
David Faithfull,MA2,Farewell Fanmore ,231.0,21.0,58
Richard Clegg,MA50,Farewell Fanmore ,233.0,22.0,56
Tim Herring,MA50,Farewell Fanmore ,234.0,23.0,54
Jamie Wells,MA2,Farewell Fanmore ,234.0,23.0,54
Peter Keightley,MA50,Farewell Fanmore ,237.0,25.0,50
Michael Varrow,MA3,Farewell Fanmore ,239.0,26.0,48
Connor Mackenzie,MJ18,Farewell Fanmore ,242.0,27.0,46
Grant Lopes,MA3,Farewell Fanmore ,244.0,28.0,44
Iain MacKenzie (oggie),MA3,Farewell Fanmore ,246.0,29.0,42
David Mckie,MA3,Farewell Fanmore ,248.0,30.0,40
Carl Roderick,MA3,Farewell Fanmore ,248.0,30.0,40
Anthony Jackson,MA3,Farewell Fanmore ,251.0,32.0,36
Ian MacDougall (dingle),MA3,Farewell Fanmore ,252.0,33.0,34
Davie Graham,MA50,Farewell Fanmore ,273.0,34.0,31
Roisin Kelly,FA3,Farewell Fanmore ,286.0,35.0,29
Shaun MacEachen,MA3,Farewell Fanmore ,291.0,36.0,27
Jessica Clegg,FJ18,Farewell Fanmore ,333.0,37.0,25
Charlie Mead,MP60,Farewell Fanmore ,1998.0,38.0,23
Arvind Sood,MA50,Farewell Fanmore ,1998.0,38.0,23
Trant Luard,MA65,Farewell Fanmore ,1998.0,38.0,23
John Clark,MA2,Farewell Fanmore ,1998.0,38.0,23
Ricci Russle,MA2,Farewell Fanmore ,1998.0,38.0,23
Callum Beattie,MA2,Farewell Fanmore ,1998.0,38.0,23
Laura Fyfe,MA3,Farewell Fanmore ,1998.0,38.0,23
Ally Pollock,MA3,Farewell Fanmore ,1998.0,38.0,23
Rhia Edwards,FA3,Farewell Fanmore ,1998.0,38.0,23
Tandala MacRae,FA3,Farewell Fanmore ,1998.0,38.0,23
Benny Sood,MJ18,Farewell Fanmore ,1998.0,38.0,23
Ollie Henderson,FJ18,Farewell Fanmore ,1998.0,38.0,23
Scott Stokely,MPO,The Welsh Open 2023 ~ The Dragon Fights Back ~ BDGA Open Tour / Quaich Tour,165.0,1.0,120
Iain McDougall,MPO,The Welsh Open 2023 ~ The Dragon Fights Back ~ BDGA Open Tour / Quaich Tour,188.0,2.0,116
Liam Pitt,MA1,The Welsh Open 2023 ~ The Dragon Fights Back ~ BDGA Open Tour / Quaich Tour,195.0,3.0,114
Grant Snowden,MA1,The Welsh Open 2023 ~ The Dragon Fights Back ~ BDGA Open Tour / Quaich Tour,196.0,4.0,110
Michael Sharkey,MA1,The Welsh Open 2023 ~ The Dragon Fights Back ~ BDGA Open Tour / Quaich Tour,196.0,4.0,110
John Bruce,MPO,The Welsh Open 2023 ~ The Dragon Fights Back ~ BDGA Open Tour / Quaich Tour,197.0,6.0,105
Daniel Bowles,MA2,The Welsh Open 2023 ~ The Dragon Fights Back ~ BDGA Open Tour / Quaich Tour,198.0,7.0,102
Gareth Vickers,MA1,The Welsh Open 2023 ~ The Dragon Fights Back ~ BDGA Open Tour / Quaich Tour,199.0,8.0,99
Niall Millband,MA1,The Welsh Open 2023 ~ The Dragon Fights Back ~ BDGA Open Tour / Quaich Tour,200.0,9.0,97
Florian Koralambe,MA1,The Welsh Open 2023 ~ The Dragon Fights Back ~ BDGA Open Tour / Quaich Tour,202.0,10.0,93
Woodstock Harding,MP40,The Welsh Open 2023 ~ The Dragon Fights Back ~ BDGA Open Tour / Quaich Tour,204.0,11.0,91
Alan Davidson,MA1,The Welsh Open 2023 ~ The Dragon Fights Back ~ BDGA Open Tour / Quaich Tour,204.0,11.0,91
Luke Dodd Adkins,MA1,The Welsh Open 2023 ~ The Dragon Fights Back ~ BDGA Open Tour / Quaich Tour,205.0,13.0,85
Adam Mackrory,MA1,The Welsh Open 2023 ~ The Dragon Fights Back ~ BDGA Open Tour / Quaich Tour,209.0,14.0,82
Bella Tait,MA1,The Welsh Open 2023 ~ The Dragon Fights Back ~ BDGA Open Tour / Quaich Tour,209.0,14.0,82
Paul Stoddart,MP40,The Welsh Open 2023 ~ The Dragon Fights Back ~ BDGA Open Tour / Quaich Tour,210.0,16.0,76
Richard Hooper,MA40,The Welsh Open 2023 ~ The Dragon Fights Back ~ BDGA Open Tour / Quaich Tour,210.0,16.0,76
Scott Jenkins,MA2,The Welsh Open 2023 ~ The Dragon Fights Back ~ BDGA Open Tour / Quaich Tour,212.0,18.0,70
Zaki Naqvi,MA1,The Welsh Open 2023 ~ The Dragon Fights Back ~ BDGA Open Tour / Quaich Tour,214.0,19.0,68
Iestyn Crompton,MA3,The Welsh Open 2023 ~ The Dragon Fights Back ~ BDGA Open Tour / Quaich Tour,214.0,19.0,68
Jon Cicuttin,MA40,The Welsh Open 2023 ~ The Dragon Fights Back ~ BDGA Open Tour / Quaich Tour,215.0,21.0,62
Paul Waite,MA40,The Welsh Open 2023 ~ The Dragon Fights Back ~ BDGA Open Tour / Quaich Tour,215.0,21.0,62
Jack Goolden,MA40,The Welsh Open 2023 ~ The Dragon Fights Back ~ BDGA Open Tour / Quaich Tour,215.0,21.0,62
Craig Pettitt,MP40,The Welsh Open 2023 ~ The Dragon Fights Back ~ BDGA Open Tour / Quaich Tour,218.0,24.0,54
Johnnie Symington-Mauro,MA2,The Welsh Open 2023 ~ The Dragon Fights Back ~ BDGA Open Tour / Quaich Tour,218.0,24.0,54
Chris Malmgard,MA2,The Welsh Open 2023 ~ The Dragon Fights Back ~ BDGA Open Tour / Quaich Tour,218.0,24.0,54
Zvi Teff,MA2,The Welsh Open 2023 ~ The Dragon Fights Back ~ BDGA Open Tour / Quaich Tour,221.0,27.0,45
Alun Pinder,MA2,The Welsh Open 2023 ~ The Dragon Fights Back ~ BDGA Open Tour / Quaich Tour,223.0,28.0,43
Jake Clarke,MA3,The Welsh Open 2023 ~ The Dragon Fights Back ~ BDGA Open Tour / Quaich Tour,223.0,28.0,43
Elva-Kate Preston,FA1,The Welsh Open 2023 ~ The Dragon Fights Back ~ BDGA Open Tour / Quaich Tour,224.0,30.0,37
Byron Humphries,MA3,The Welsh Open 2023 ~ The Dragon Fights Back ~ BDGA Open Tour / Quaich Tour,226.0,31.0,34
Natalie Eykyn,FA1,The Welsh Open 2023 ~ The Dragon Fights Back ~ BDGA Open Tour / Quaich Tour,230.0,32.0,31
Jordon Venables,MA3,The Welsh Open 2023 ~ The Dragon Fights Back ~ BDGA Open Tour / Quaich Tour,233.0,33.0,28
KJ Phillips,MA3,The Welsh Open 2023 ~ The Dragon Fights Back ~ BDGA Open Tour / Quaich Tour,235.0,34.0,26
Melodie Zehnder,FA1,The Welsh Open 2023 ~ The Dragon Fights Back ~ BDGA Open Tour / Quaich Tour,241.0,35.0,22
Ben Ramsay,MA4,The Welsh Open 2023 ~ The Dragon Fights Back ~ BDGA Open Tour / Quaich Tour,251.0,36.0,20
Tim Herring,MA50,The Welsh Open 2023 ~ The Dragon Fights Back ~ BDGA Open Tour / Quaich Tour,253.0,37.0,18
Rachel Ireland-Jones,FA2,The Welsh Open 2023 ~ The Dragon Fights Back ~ BDGA Open Tour / Quaich Tour,263.0,38.0,14
Zac Bowles,MJ18,The Welsh Open 2023 ~ The Dragon Fights Back ~ BDGA Open Tour / Quaich Tour,264.0,39.0,12
Mike Bowles,MA4,The Welsh Open 2023 ~ The Dragon Fights Back ~ BDGA Open Tour / Quaich Tour,274.0,40.0,9
Ophelia Byrne,FA3,The Welsh Open 2023 ~ The Dragon Fights Back ~ BDGA Open Tour / Quaich Tour,278.0,41.0,6
Christopher Staddon,MA40,The Welsh Open 2023 ~ The Dragon Fights Back ~ BDGA Open Tour / Quaich Tour,302.0,42.0,3
Marek Nowak,MA50,The Welsh Open 2023 ~ The Dragon Fights Back ~ BDGA Open Tour / Quaich Tour,1998.0,43.0,1
Ben Heywood,MA1,Bluebell Woods Pro/Am presented by Dynamic Discs - All Am,123.0,1.0,100
Callum Taylor,MA2,Bluebell Woods Pro/Am presented by Dynamic Discs - All Am,125.0,2.0,98
Tiffany Strandbygaard,MA1,Bluebell Woods Pro/Am presented by Dynamic Discs - All Am,126.0,3.0,96
Ben Preston,MA1,Bluebell Woods Pro/Am presented by Dynamic Discs - All Am,126.0,3.0,96
Andrew Finlay,MA40,Bluebell Woods Pro/Am presented by Dynamic Discs - All Am,128.0,5.0,92
Sami Havuluoto,MA1,Bluebell Woods Pro/Am presented by Dynamic Discs - All Am,129.0,6.0,91
Fergus McLean,MA1,Bluebell Woods Pro/Am presented by Dynamic Discs - All Am,129.0,6.0,91
Graham McGill,MA40,Bluebell Woods Pro/Am presented by Dynamic Discs - All Am,131.0,8.0,87
Iain McGarrity,MA1,Bluebell Woods Pro/Am presented by Dynamic Discs - All Am,132.0,9.0,85
Paul Hodgson,MA40,Bluebell Woods Pro/Am presented by Dynamic Discs - All Am,132.0,9.0,85
Jack Edgar,MA2,Bluebell Woods Pro/Am presented by Dynamic Discs - All Am,133.0,11.0,82
Ross MacSporran,MA1,Bluebell Woods Pro/Am presented by Dynamic Discs - All Am,135.0,12.0,80
Lloyd Wells,MA40,Bluebell Woods Pro/Am presented by Dynamic Discs - All Am,135.0,12.0,80
Kyle Roderick,MA2,Bluebell Woods Pro/Am presented by Dynamic Discs - All Am,138.0,14.0,76
David Wilson,MA40,Bluebell Woods Pro/Am presented by Dynamic Discs - All Am,139.0,15.0,74
Peter Dagen,MA1,Bluebell Woods Pro/Am presented by Dynamic Discs - All Am,140.0,16.0,73
Ewan Penman,MA2,Bluebell Woods Pro/Am presented by Dynamic Discs - All Am,141.0,17.0,71
Robert Ng,MA40,Bluebell Woods Pro/Am presented by Dynamic Discs - All Am,142.0,18.0,69
Ross Brown,MA40,Bluebell Woods Pro/Am presented by Dynamic Discs - All Am,142.0,18.0,69
Cole Hamilton,MA2,Bluebell Woods Pro/Am presented by Dynamic Discs - All Am,142.0,18.0,69
Joshua Black,MA2,Bluebell Woods Pro/Am presented by Dynamic Discs - All Am,145.0,21.0,64
Nathan Cox,MA1,Bluebell Woods Pro/Am presented by Dynamic Discs - All Am,146.0,22.0,62
David Faithfull,MA40,Bluebell Woods Pro/Am presented by Dynamic Discs - All Am,147.0,23.0,60
Callum Girdwood,MA4,Bluebell Woods Pro/Am presented by Dynamic Discs - All Am,263.0,24.0,58
Ross Johnstone,MA4,Bluebell Woods Pro/Am presented by Dynamic Discs - All Am,266.0,25.0,56
Richard Beaumont,MA4,Bluebell Woods Pro/Am presented by Dynamic Discs - All Am,268.0,26.0,54
James McHardy,MA3,Bluebell Woods Pro/Am presented by Dynamic Discs - All Am,271.0,27.0,53
Hamish Dickson,MA3,Bluebell Woods Pro/Am presented by Dynamic Discs - All Am,271.0,27.0,53
Stuart Lockhart,MA3,Bluebell Woods Pro/Am presented by Dynamic Discs - All Am,272.0,29.0,49
Euan Pettitt,MA50,Bluebell Woods Pro/Am presented by Dynamic Discs - All Am,275.0,30.0,47
Thomas Dunn,MA4,Bluebell Woods Pro/Am presented by Dynamic Discs - All Am,275.0,30.0,47
Richard Clegg,MA50,Bluebell Woods Pro/Am presented by Dynamic Discs - All Am,277.0,32.0,44
Ryan Junor,MA3,Bluebell Woods Pro/Am presented by Dynamic Discs - All Am,279.0,33.0,42
Laura Fyfe,MA3,Bluebell Woods Pro/Am presented by Dynamic Discs - All Am,279.0,33.0,42
Andrea Trevisan,MA3,Bluebell Woods Pro/Am presented by Dynamic Discs - All Am,280.0,35.0,38
Gus Rochester,MA3,Bluebell Woods Pro/Am presented by Dynamic Discs - All Am,281.0,36.0,37
Jason Glen,MA3,Bluebell Woods Pro/Am presented by Dynamic Discs - All Am,281.0,36.0,37
John Hood,MA3,Bluebell Woods Pro/Am presented by Dynamic Discs - All Am,282.0,38.0,33
Peter Morrison,MA3,Bluebell Woods Pro/Am presented by Dynamic Discs - All Am,282.0,38.0,33
Taran Fiddes,MA3,Bluebell Woods Pro/Am presented by Dynamic Discs - All Am,282.0,38.0,33
Paul Molloy,MA50,Bluebell Woods Pro/Am presented by Dynamic Discs - All Am,283.0,41.0,27
Danny Glen,MA3,Bluebell Woods Pro/Am presented by Dynamic Discs - All Am,283.0,41.0,27
James Clark,MA3,Bluebell Woods Pro/Am presented by Dynamic Discs - All Am,287.0,43.0,24
Cameron Greig,MA3,Bluebell Woods Pro/Am presented by Dynamic Discs - All Am,287.0,43.0,24
Daniel Storm,MA3,Bluebell Woods Pro/Am presented by Dynamic Discs - All Am,288.0,45.0,20
Euan Boyle,MA3,Bluebell Woods Pro/Am presented by Dynamic Discs - All Am,288.0,45.0,20
Tom Warren,MA3,Bluebell Woods Pro/Am presented by Dynamic Discs - All Am,289.0,47.0,17
Johnny Warren,MA3,Bluebell Woods Pro/Am presented by Dynamic Discs - All Am,290.0,48.0,15
Dakota Timmer,MA3,Bluebell Woods Pro/Am presented by Dynamic Discs - All Am,291.0,49.0,13
Benjamin Martin,MA3,Bluebell Woods Pro/Am presented by Dynamic Discs - All Am,291.0,49.0,13
Roisin Kelly,MA4,Bluebell Woods Pro/Am presented by Dynamic Discs - All Am,291.0,49.0,13
Shaun MacEachen,MA4,Bluebell Woods Pro/Am presented by Dynamic Discs - All Am,293.0,52.0,8
Marta Orzechowski,MA3,Bluebell Woods Pro/Am presented by Dynamic Discs - All Am,296.0,53.0,6
Mathew Miller,MA3,Bluebell Woods Pro/Am presented by Dynamic Discs - All Am,297.0,54.0,4
Maverick Beaumont,MJ08,Bluebell Woods Pro/Am presented by Dynamic Discs - All Am,323.0,55.0,2
Peter O'Brien,MA3,Bluebell Woods Pro/Am presented by Dynamic Discs - All Am,1998.0,56.0,1
Rick Rick,MPO,Bluebell Woods Pro/Am presented by Dynamic Discs - MPO & FPO,108.0,1.0,100
John Bruce,MPO,Bluebell Woods Pro/Am presented by Dynamic Discs - MPO & FPO,111.0,2.0,95
Pete Dawson,MPO,Bluebell Woods Pro/Am presented by Dynamic Discs - MPO & FPO,113.0,3.0,91
Ben Heywood,MPO,Bluebell Woods Pro/Am presented by Dynamic Discs - MPO & FPO,118.0,4.0,86
Sami Havuluoto,MPO,Bluebell Woods Pro/Am presented by Dynamic Discs - MPO & FPO,127.0,5.0,82
Ewan Penman,MPO,Bluebell Woods Pro/Am presented by Dynamic Discs - MPO & FPO,127.0,5.0,82
Kyle Roderick,MPO,Bluebell Woods Pro/Am presented by Dynamic Discs - MPO & FPO,129.0,7.0,73
Tiffany Strandbygaard,FPO,Bluebell Woods Pro/Am presented by Dynamic Discs - MPO & FPO,129.0,7.0,73
Jack Edgar,MPO,Bluebell Woods Pro/Am presented by Dynamic Discs - MPO & FPO,131.0,9.0,64
Fergus McLean,MPO,Bluebell Woods Pro/Am presented by Dynamic Discs - MPO & FPO,133.0,10.0,59
Nathan Cox,MPO,Bluebell Woods Pro/Am presented by Dynamic Discs - MPO & FPO,134.0,11.0,54
Ben Preston,MPO,Bluebell Woods Pro/Am presented by Dynamic Discs - MPO & FPO,134.0,11.0,54
Ross Brown,MPO,Bluebell Woods Pro/Am presented by Dynamic Discs - MPO & FPO,136.0,13.0,46
Ross MacSporran,MPO,Bluebell Woods Pro/Am presented by Dynamic Discs - MPO & FPO,137.0,14.0,41
Alan Davidson,MPO,Bluebell Woods Pro/Am presented by Dynamic Discs - MPO & FPO,141.0,15.0,37
Hamish Dickson,MPO,Bluebell Woods Pro/Am presented by Dynamic Discs - MPO & FPO,141.0,15.0,37
Gus Rochester,MPO,Bluebell Woods Pro/Am presented by Dynamic Discs - MPO & FPO,143.0,17.0,27
Richard Beaumont,MPO,Bluebell Woods Pro/Am presented by Dynamic Discs - MPO & FPO,145.0,18.0,23
Benjamin Martin,MPO,Bluebell Woods Pro/Am presented by Dynamic Discs - MPO & FPO,146.0,19.0,19
John Hood,MPO,Bluebell Woods Pro/Am presented by Dynamic Discs - MPO & FPO,148.0,20.0,14
Laura Fyfe,FPO,Bluebell Woods Pro/Am presented by Dynamic Discs - MPO & FPO,149.0,21.0,10
Ryan Junor,MPO,Bluebell Woods Pro/Am presented by Dynamic Discs - MPO & FPO,160.0,22.0,5
Maverick Beaumont,MJ08,Bluebell Woods Pro/Am presented by Dynamic Discs - MPO & FPO,384.0,23.0,1
Scott Stokely,MPO,Scottish Open 2023 presented by Latitude 64,139.0,1.0,120
Chris Smith,MPO,Scottish Open 2023 presented by Latitude 64,143.0,2.0,117
Rick Rick,MPO,Scottish Open 2023 presented by Latitude 64,146.0,3.0,115
Pete Dawson,MPO,Scottish Open 2023 presented by Latitude 64,146.0,3.0,115
Charlie O'Brien,MPO,Scottish Open 2023 presented by Latitude 64,146.0,3.0,115
Daniel Mølbjerg Adderley,MPO,Scottish Open 2023 presented by Latitude 64,148.0,6.0,110
Asim Ali,MA1,Scottish Open 2023 presented by Latitude 64,151.0,7.0,108
Yair Razin,MPO,Scottish Open 2023 presented by Latitude 64,152.0,8.0,106
Ben Preston,MPO,Scottish Open 2023 presented by Latitude 64,159.0,9.0,104
Jester Wilson,MPO,Scottish Open 2023 presented by Latitude 64,160.0,10.0,103
Graham Robbie,MA1,Scottish Open 2023 presented by Latitude 64,160.0,10.0,103
Ben Heywood,MPO,Scottish Open 2023 presented by Latitude 64,161.0,12.0,98
Iain McGarrity,MA1,Scottish Open 2023 presented by Latitude 64,161.0,12.0,98
Fergus Bolton,MPO,Scottish Open 2023 presented by Latitude 64,163.0,14.0,94
Sami Havuluoto,MPO,Scottish Open 2023 presented by Latitude 64,164.0,15.0,93
Seamus Scanlon,MA1,Scottish Open 2023 presented by Latitude 64,164.0,15.0,93
Tiffany Strandbygaard,MA1,Scottish Open 2023 presented by Latitude 64,166.0,17.0,90
Graham McGill,MA40,Scottish Open 2023 presented by Latitude 64,166.0,17.0,90
Lloyd Wells,MA40,Scottish Open 2023 presented by Latitude 64,166.0,17.0,90
Fergus McLean,MA1,Scottish Open 2023 presented by Latitude 64,167.0,20.0,84
Robbie Reekie,MA1,Scottish Open 2023 presented by Latitude 64,167.0,20.0,84
David Lindsay,MA1,Scottish Open 2023 presented by Latitude 64,168.0,22.0,80
Christopher Burrows,MA1,Scottish Open 2023 presented by Latitude 64,168.0,22.0,80
Ben Bolton,MA1,Scottish Open 2023 presented by Latitude 64,169.0,24.0,76
Phil Kirby,MA1,Scottish Open 2023 presented by Latitude 64,170.0,25.0,74
Stephen Coulter,MA2,Scottish Open 2023 presented by Latitude 64,172.0,26.0,73
Luke Harrison,MA3,Scottish Open 2023 presented by Latitude 64,172.0,26.0,73
Benny Sood,MJ18,Scottish Open 2023 presented by Latitude 64,172.0,26.0,73
Andrew Coulter,MA2,Scottish Open 2023 presented by Latitude 64,173.0,29.0,67
Callum Taylor,MA1,Scottish Open 2023 presented by Latitude 64,174.0,30.0,66
Alan Davidson,MA1,Scottish Open 2023 presented by Latitude 64,174.0,30.0,66
Daniel Morgan,MA2,Scottish Open 2023 presented by Latitude 64,174.0,30.0,66
Ross MacSporran,MA1,Scottish Open 2023 presented by Latitude 64,175.0,33.0,60
Laurence Jordan,MA1,Scottish Open 2023 presented by Latitude 64,176.0,34.0,57
Euan Pettitt,MA50,Scottish Open 2023 presented by Latitude 64,176.0,34.0,57
Peter Campbell,MA2,Scottish Open 2023 presented by Latitude 64,176.0,34.0,57
Cole Hamilton,MA1,Scottish Open 2023 presented by Latitude 64,177.0,37.0,52
John Clark,MA2,Scottish Open 2023 presented by Latitude 64,178.0,38.0,50
John Hood,MA3,Scottish Open 2023 presented by Latitude 64,178.0,38.0,50
Paul Molloy,MA50,Scottish Open 2023 presented by Latitude 64,183.0,40.0,46
Tony Deebank,MA2,Scottish Open 2023 presented by Latitude 64,183.0,40.0,46
Ryan Junor,MA3,Scottish Open 2023 presented by Latitude 64,183.0,40.0,46
Peter Keightley,MA50,Scottish Open 2023 presented by Latitude 64,185.0,43.0,42
Laura Fyfe,MA3,Scottish Open 2023 presented by Latitude 64,185.0,43.0,42
Callum Beattie,MA2,Scottish Open 2023 presented by Latitude 64,186.0,45.0,37
Rachel Shanks,MA1,Scottish Open 2023 presented by Latitude 64,188.0,46.0,36
Jason Glen,MA3,Scottish Open 2023 presented by Latitude 64,189.0,47.0,33
Stuart Lockhart,MA3,Scottish Open 2023 presented by Latitude 64,189.0,47.0,33
Alan Young,MA3,Scottish Open 2023 presented by Latitude 64,189.0,47.0,33
Alec Sloan,MA2,Scottish Open 2023 presented by Latitude 64,191.0,50.0,28
Hamish Dickson,MA3,Scottish Open 2023 presented by Latitude 64,192.0,51.0,26
Nathan Cox,MA1,Scottish Open 2023 presented by Latitude 64,193.0,52.0,25
Richard Clegg,MA50,Scottish Open 2023 presented by Latitude 64,194.0,53.0,22
Peter Morrison,MA3,Scottish Open 2023 presented by Latitude 64,195.0,54.0,21
Adrian Sorin Mutei,MA2,Scottish Open 2023 presented by Latitude 64,197.0,55.0,19
Hugh Watson,MA50,Scottish Open 2023 presented by Latitude 64,198.0,56.0,16
Euan Boyle,MA3,Scottish Open 2023 presented by Latitude 64,198.0,56.0,16
Christopher Elfick,MA3,Scottish Open 2023 presented by Latitude 64,200.0,58.0,13
David Green,MA3,Scottish Open 2023 presented by Latitude 64,203.0,59.0,12
David Green,MA50,Scottish Open 2023 presented by Latitude 64,204.0,60.0,9
Jamie Wells,MA3,Scottish Open 2023 presented by Latitude 64,204.0,60.0,9
Cammy Greig,MA3,Scottish Open 2023 presented by Latitude 64,205.0,62.0,6
Dakota Timmer,MA3,Scottish Open 2023 presented by Latitude 64,1998.0,63.0,4
Ross Brown,MA3,Scottish Open 2023 presented by Latitude 64,1998.0,63.0,4
Kristopher Glen,MA3,Scottish Open 2023 presented by Latitude 64,1998.0,63.0,4
Pete Dawson,MPO,Caledonian Open,156.0,1.0,120
Rick Rick,MPO,Caledonian Open,158.0,2.0,117
Sami Havuluoto,MPO,Caledonian Open,158.0,2.0,117
Ben Heywood,MPO,Caledonian Open,166.0,4.0,112
Jester Wilson,MP40,Caledonian Open,167.0,5.0,110
Fergus McLean,MA1,Caledonian Open,170.0,6.0,108
Tiffany Strandbygaard,MA1,Caledonian Open,172.0,7.0,106
Lloyd Wells,MA40,Caledonian Open,173.0,8.0,104
Jack Edgar,MA2,Caledonian Open,174.0,9.0,102
Trevor Bechtel,MA40,Caledonian Open,175.0,10.0,99
Ritchie Gardner,MA3,Caledonian Open,177.0,11.0,97
Ewan Penman,MA2,Caledonian Open,178.0,12.0,94
Stephen Scott,MA3,Caledonian Open,180.0,13.0,93
Alan Davidson,MA1,Caledonian Open,182.0,14.0,91
Thomas Wells,MA2,Caledonian Open,183.0,15.0,88
Neil Owen,MA2,Caledonian Open,183.0,15.0,88
Cole Hamilton,MA2,Caledonian Open,184.0,17.0,84
Jon Luke Henderson,MA2,Caledonian Open,184.0,17.0,84
John Hood,MA3,Caledonian Open,184.0,17.0,84
Kyle Roderick,MA2,Caledonian Open,186.0,20.0,78
John Clark,MA2,Caledonian Open,186.0,20.0,78
Ross Brown,MA3,Caledonian Open,187.0,22.0,73
Danny Glen,MA3,Caledonian Open,187.0,22.0,73
Sanyam McNie,MA2,Caledonian Open,188.0,24.0,68
Theodore Olsen,MA2,Caledonian Open,189.0,25.0,67
Rodolfo Perez,MA3,Caledonian Open,192.0,26.0,64
Jason Glen,MA3,Caledonian Open,192.0,26.0,64
Euan Boyle,MA3,Caledonian Open,194.0,28.0,60
Peter Keightley,MA60,Caledonian Open,195.0,29.0,57
Patrick Kipfmiller,MA40,Caledonian Open,197.0,30.0,55
Anthony Jackson,MA60,Caledonian Open,197.0,30.0,55
Peter Morrison,MA3,Caledonian Open,197.0,30.0,55
Stuart Bell,MA60,Caledonian Open,198.0,33.0,49
Laura Fyfe,MA3,Caledonian Open,200.0,34.0,46
Adrian Sorin Mutei,MA2,Caledonian Open,201.0,35.0,44
James Reddaway,MA3,Caledonian Open,202.0,36.0,42
Ross Johnstone,MA3,Caledonian Open,202.0,36.0,42
Jamie Wells,MA3,Caledonian Open,203.0,38.0,38
Eric Turton,MA60,Caledonian Open,204.0,39.0,36
Kristopher Glen,MA3,Caledonian Open,204.0,39.0,36
Ryan Junor,MA3,Caledonian Open,204.0,39.0,36
Richard Beaumont,MA40,Caledonian Open,206.0,42.0,28
Callum Beattie,MA2,Caledonian Open,207.0,43.0,27
Jake Wells,MJ18,Caledonian Open,208.0,44.0,25
Charlie Chalmers,MA4,Caledonian Open,218.0,45.0,22
Maverick Beaumont,MJ08,Caledonian Open,228.0,46.0,20
Shaun MacEachen,MA4,Caledonian Open,229.0,47.0,18
Roisin Kelly,FA3,Caledonian Open,231.0,48.0,15
Colin Fieldsend,MA4,Caledonian Open,237.0,49.0,14
Daniel Todd,MJ18,Caledonian Open,239.0,50.0,12
Steven Balliet,MA3,Caledonian Open,248.0,51.0,9
Flora Rougvie,FA3,Caledonian Open,251.0,52.0,7
Barbara Rast,FA3,Caledonian Open,276.0,53.0,4
Tandala MacRae,FA3,Caledonian Open,1998.0,54.0,2
Rowan MacRae,MJ18,Caledonian Open,1998.0,54.0,2
Rick Rick,MPO,Highland Open,203.0,1.0,100
John Bruce,MPO,Highland Open,212.0,2.0,96
Ben Heywood,MP40,Highland Open,224.0,3.0,92
Jester Wilson,MP40,Highland Open,226.0,4.0,88
Fergus McLean,MA1,Highland Open,228.0,5.0,84
Ben Bolton,MA1,Highland Open,233.0,6.0,80
Trevor Bechtel,MA40,Highland Open,233.0,6.0,80
Theodore Olsen,MA2,Highland Open,233.0,6.0,80
Lloyd Wells,MA40,Highland Open,234.0,9.0,68
Sanyam McNie,MA2,Highland Open,235.0,10.0,64
Adam Gilmour,MA2,Highland Open,237.0,11.0,60
Tiffany Strandbygaard,MA1,Highland Open,240.0,12.0,56
Jamie Wells,MA3,Highland Open,241.0,13.0,52
Patrick Kipfmiller,MA40,Highland Open,242.0,14.0,48
Alan Davidson,MA1,Highland Open,245.0,15.0,44
Andrea Trevisan,MA2,Highland Open,246.0,16.0,40
Thomas Wells,MA2,Highland Open,247.0,17.0,36
Phil Kirby,MA3,Highland Open,260.0,18.0,32
Richard Beaumont,MA40,Highland Open,264.0,19.0,28
Anthony Jackson,MA3,Highland Open,273.0,20.0,24
James Reddaway,MA3,Highland Open,289.0,21.0,20
Shaun MacEachen,MA3,Highland Open,303.0,22.0,16
Maverick Beaumont,MJ08,Highland Open,1354.0,23.0,12
Ben Bruce,MPO,Highland Open,1998.0,24.0,8
Tom Warren,MA3,Highland Open,1998.0,24.0,8
Johnny Warren,MA3,Highland Open,1998.0,24.0,8
Seonaidh Charity,MPO,The Irish Open '23,171.0,1.0,120
Asim Ali,MPO,The Irish Open '23,173.0,2.0,116
Pete Dawson,MPO,The Irish Open '23,174.0,3.0,114
Rick Rick,MPO,The Irish Open '23,180.0,4.0,111
Ben Matthews,MPO,The Irish Open '23,182.0,5.0,109
William Martin,MPO,The Irish Open '23,184.0,6.0,106
Ben Preston,MPO,The Irish Open '23,185.0,7.0,104
Jake Walpole,MPO,The Irish Open '23,186.0,8.0,102
Stephen Coulter,MA1,The Irish Open '23,193.0,9.0,99
Sean Craig,MA1,The Irish Open '23,193.0,9.0,99
Daniel Morgan,MA1,The Irish Open '23,194.0,11.0,94
Patrick McCauley,MPO,The Irish Open '23,196.0,12.0,92
Sanyam McNie,MA1,The Irish Open '23,196.0,12.0,92
Alan Davidson,MA1,The Irish Open '23,200.0,14.0,87
Patrick McGeough,MPO,The Irish Open '23,203.0,15.0,85
Tiffany Strandbygaard,MA1,The Irish Open '23,203.0,15.0,85
Chris Sweeney,MA1,The Irish Open '23,207.0,17.0,80
Christopher Burrows,MA1,The Irish Open '23,210.0,18.0,76
Chris Bialecki,MA1,The Irish Open '23,217.0,19.0,74
Chris Millar,MA1,The Irish Open '23,217.0,19.0,74
James Hamilton,MA1,The Irish Open '23,223.0,21.0,69
Maksim Koroljov,MA2,The Irish Open '23,402.0,22.0,67
Isaac McCauley,MA2,The Irish Open '23,405.0,23.0,64
Jay Penn,MA2,The Irish Open '23,406.0,24.0,62
Harry McCallum,MA2,The Irish Open '23,413.0,25.0,60
Peter Morrison,MA2,The Irish Open '23,413.0,25.0,60
Peter Campbell,MA2,The Irish Open '23,419.0,27.0,55
Pádraig Mulholland,MA2,The Irish Open '23,419.0,27.0,55
Markus Condren,MA3,The Irish Open '23,421.0,29.0,50
Laura Fyfe,MA3,The Irish Open '23,422.0,30.0,48
Joshua McCartney,MA2,The Irish Open '23,423.0,31.0,45
Andrew Janes,MA2,The Irish Open '23,423.0,31.0,45
Gary Parr,MA60,The Irish Open '23,424.0,33.0,40
David Finley,MA60,The Irish Open '23,426.0,34.0,37
Alec Schmidt,MA4,The Irish Open '23,428.0,35.0,34
Neil Gordon,MA4,The Irish Open '23,438.0,36.0,32
Theo Craig,MA4,The Irish Open '23,445.0,37.0,30
Jonathan Workman,MA4,The Irish Open '23,447.0,38.0,27
Jacob Glenn,MA3,The Irish Open '23,450.0,39.0,25
Jason Wilson,MA4,The Irish Open '23,458.0,40.0,22
Brian Rainey,MA60,The Irish Open '23,461.0,41.0,20
Aobh Sharvin,MA4,The Irish Open '23,477.0,42.0,18
Bronagh Murray,MA4,The Irish Open '23,479.0,43.0,15
Tobi Bialecki,MJ18,The Irish Open '23,485.0,44.0,13
Clare Maguire,MA4,The Irish Open '23,546.0,45.0,10
Jack Pembroke,MPO,The Irish Open '23,1998.0,46.0,8
Alan Hogg,MA2,The Irish Open '23,1998.0,46.0,8
Jack Gibson,MA3,The Irish Open '23,1998.0,46.0,8
Matthew Stanton,MA4,The Irish Open '23,1998.0,46.0,8
Jester Wilson,MP40,The Perthshire Open,108.0,1.0,100
Chris Smith,MPO,The Perthshire Open,109.0,2.0,96
David Lindsay,MA1,The Perthshire Open,109.0,2.0,96
Jack Edgar,MA2,The Perthshire Open,110.0,4.0,88
Ben Heywood,MP40,The Perthshire Open,112.0,5.0,84
Ben Bolton,MPO,The Perthshire Open,113.0,6.0,80
Graham McGill,MA40,The Perthshire Open,113.0,6.0,80
Ewan Penman,MA2,The Perthshire Open,113.0,6.0,80
Alan Davidson,MPO,The Perthshire Open,114.0,9.0,69
Ross MacSporran,MA1,The Perthshire Open,114.0,9.0,69
Lloyd Wells,MA40,The Perthshire Open,114.0,9.0,69
Thomas Wells,MA2,The Perthshire Open,115.0,12.0,58
Benny Sood,MA2,The Perthshire Open,116.0,13.0,54
Cole Hamilton,MA2,The Perthshire Open,116.0,13.0,54
Peter Morrison,MA3,The Perthshire Open,117.0,15.0,46
Graham Robbie,MP40,The Perthshire Open,118.0,16.0,42
Ross Brown,MA3,The Perthshire Open,122.0,17.0,39
Jamie Wells,MA2,The Perthshire Open,125.0,18.0,35
Richard Backhouse,MA3,The Perthshire Open,125.0,18.0,35
James Reddaway,MA3,The Perthshire Open,128.0,20.0,27
Jason Glen,MA3,The Perthshire Open,131.0,21.0,23
Laura Fyfe,MA3,The Perthshire Open,131.0,21.0,23
Shaun MacEachen,MA3,The Perthshire Open,133.0,23.0,16
Grant Lopes,MA3,The Perthshire Open,136.0,24.0,12
Peter O'Brien,MA3,The Perthshire Open,137.0,25.0,8
Guy Bolton,MA3,The Perthshire Open,144.0,26.0,4
Roisin Kelly,FA2,The Perthshire Open,1998.0,27.0,1
Sami Havuluoto,MPO,North Fife Open,195.0,1.0,120
Pete Dawson,MPO,North Fife Open,196.0,2.0,115
Rick Rick,MPO,North Fife Open,203.0,3.0,111
Fergus McLean,MA1,North Fife Open,205.0,4.0,108
Jack Edgar,MA2,North Fife Open,206.0,5.0,104
Ben Heywood,MPO,North Fife Open,209.0,6.0,100
Jester Wilson,MPO,North Fife Open,210.0,7.0,97
Callum Taylor,MA2,North Fife Open,217.0,8.0,93
Marcus Schmidt,MA1,North Fife Open,219.0,9.0,90
Lloyd Wells,MA40,North Fife Open,219.0,9.0,90
Ewan Penman,MA2,North Fife Open,220.0,11.0,82
Thomas Wells,MA2,North Fife Open,221.0,12.0,78
Darroch Reid,MA40,North Fife Open,222.0,13.0,74
Alex Burton,MA3,North Fife Open,224.0,14.0,70
Kyle Roderick,MA2,North Fife Open,225.0,15.0,67
John Hood,MA3,North Fife Open,225.0,15.0,67
John Gore,MA40,North Fife Open,226.0,17.0,60
Hugh Morris,MA2,North Fife Open,226.0,17.0,60
Tiffany Strandbygaard,MA1,North Fife Open,227.0,19.0,52
Jon Luke Henderson,MA2,North Fife Open,228.0,20.0,49
Andrea Trevisan,MA3,North Fife Open,239.0,21.0,45
Stephen Scott,MA3,North Fife Open,241.0,22.0,42
Phil Kirby,MA3,North Fife Open,243.0,23.0,37
Ryan Junor,MA3,North Fife Open,246.0,24.0,33
Richard Beaumont,MA40,North Fife Open,248.0,25.0,30
Danny Glen,MA3,North Fife Open,249.0,26.0,26
Jason Glen,MA3,North Fife Open,254.0,27.0,22
Anthony Jackson,MA3,North Fife Open,261.0,28.0,19
Kristopher Glen,MA3,North Fife Open,261.0,28.0,19
Euan Boyle,MA3,North Fife Open,272.0,30.0,12
Ellis Johnson,MJ18,North Fife Open,298.0,31.0,8
Jake Wells,MJ10,North Fife Open,363.0,32.0,4
Maverick Beaumont,MJ10,North Fife Open,367.0,33.0,1
Rick Rick,MPO,The Social at Bluebell Woods presented by Latitude 64 ,111.0,1.0,100
Pete Dawson,MPO,The Social at Bluebell Woods presented by Latitude 64 ,116.0,2.0,98
Ewan Penman,MA1,The Social at Bluebell Woods presented by Latitude 64 ,124.0,3.0,96
Ben Heywood,MPO,The Social at Bluebell Woods presented by Latitude 64 ,125.0,4.0,94
Alan Davidson,MA1,The Social at Bluebell Woods presented by Latitude 64 ,125.0,4.0,94
Jack Edgar,MA1,The Social at Bluebell Woods presented by Latitude 64 ,126.0,6.0,90
Andrew Finlay,MA40,The Social at Bluebell Woods presented by Latitude 64 ,130.0,7.0,88
Martin Hill,MA1,The Social at Bluebell Woods presented by Latitude 64 ,131.0,8.0,86
Graham McGill,MA40,The Social at Bluebell Woods presented by Latitude 64 ,132.0,9.0,84
Jason Stokes,MA40,The Social at Bluebell Woods presented by Latitude 64 ,137.0,10.0,82
Ross MacSporran,MA1,The Social at Bluebell Woods presented by Latitude 64 ,138.0,11.0,80
David Wilson,MA40,The Social at Bluebell Woods presented by Latitude 64 ,141.0,12.0,79
Gareth Picton,MA4,The Social at Bluebell Woods presented by Latitude 64 ,250.0,13.0,77
Richard Backhouse,MA3,The Social at Bluebell Woods presented by Latitude 64 ,257.0,14.0,75
Dakota Timmer,MA4,The Social at Bluebell Woods presented by Latitude 64 ,257.0,14.0,75
Samuel Mortimer,MA4,The Social at Bluebell Woods presented by Latitude 64 ,259.0,16.0,71
Robert Ng,MA3,The Social at Bluebell Woods presented by Latitude 64 ,260.0,17.0,69
Alex Burton,MA3,The Social at Bluebell Woods presented by Latitude 64 ,260.0,17.0,69
Tiffany Strandbygaard,FA1,The Social at Bluebell Woods presented by Latitude 64 ,261.0,19.0,65
Peter Morrison,MA3,The Social at Bluebell Woods presented by Latitude 64 ,262.0,20.0,63
Richard Beaumont,MA3,The Social at Bluebell Woods presented by Latitude 64 ,263.0,21.0,61
Thomas Dunn,MA4,The Social at Bluebell Woods presented by Latitude 64 ,263.0,21.0,61
Euan Pettitt,MA50,The Social at Bluebell Woods presented by Latitude 64 ,265.0,23.0,58
Peter Keightley,MA50,The Social at Bluebell Woods presented by Latitude 64 ,265.0,23.0,58
Phil Kirby,MA3,The Social at Bluebell Woods presented by Latitude 64 ,265.0,23.0,58
Ritchie Gardner,MA3,The Social at Bluebell Woods presented by Latitude 64 ,265.0,23.0,58
Alastair Gower,MA4,The Social at Bluebell Woods presented by Latitude 64 ,265.0,23.0,58
Paul Molloy,MA50,The Social at Bluebell Woods presented by Latitude 64 ,266.0,28.0,48
Callum Beattie,MA2,The Social at Bluebell Woods presented by Latitude 64 ,270.0,29.0,46
Callum Girdwood,MA3,The Social at Bluebell Woods presented by Latitude 64 ,270.0,29.0,46
Stuart Lockhart,MA3,The Social at Bluebell Woods presented by Latitude 64 ,271.0,31.0,42
Ryan Junor,MA3,The Social at Bluebell Woods presented by Latitude 64 ,271.0,31.0,42
Ross Brown,MA3,The Social at Bluebell Woods presented by Latitude 64 ,271.0,31.0,42
James Clark,MA3,The Social at Bluebell Woods presented by Latitude 64 ,271.0,31.0,42
Euan Boyle,MA3,The Social at Bluebell Woods presented by Latitude 64 ,273.0,35.0,35
Hamish Dickson,MA3,The Social at Bluebell Woods presented by Latitude 64 ,273.0,35.0,35
Laura Fyfe,MA3,The Social at Bluebell Woods presented by Latitude 64 ,274.0,37.0,31
Kristopher Glen,MA3,The Social at Bluebell Woods presented by Latitude 64 ,274.0,37.0,31
Tandala MacRae,FA3,The Social at Bluebell Woods presented by Latitude 64 ,275.0,39.0,27
Hugh Watson,MA50,The Social at Bluebell Woods presented by Latitude 64 ,276.0,40.0,25
Chris Bell,MA4,The Social at Bluebell Woods presented by Latitude 64 ,277.0,41.0,23
Rowan Gower,MJ12,The Social at Bluebell Woods presented by Latitude 64 ,279.0,42.0,21
Roisin Kelly,FA3,The Social at Bluebell Woods presented by Latitude 64 ,280.0,43.0,20
Willem Mortimer,MJ12,The Social at Bluebell Woods presented by Latitude 64 ,280.0,43.0,20
Tom Warren,MA3,The Social at Bluebell Woods presented by Latitude 64 ,282.0,45.0,16
Donna Stokes,FA40,The Social at Bluebell Woods presented by Latitude 64 ,284.0,46.0,14
Flora Rougvie,FA3,The Social at Bluebell Woods presented by Latitude 64 ,287.0,47.0,12
Eva Parker,FA3,The Social at Bluebell Woods presented by Latitude 64 ,289.0,48.0,10
Beau Pettitt,FA3,The Social at Bluebell Woods presented by Latitude 64 ,289.0,48.0,10
Stephen Douglas,MA4,The Social at Bluebell Woods presented by Latitude 64 ,302.0,50.0,6
Maverick Beaumont,MJ10,The Social at Bluebell Woods presented by Latitude 64 ,307.0,51.0,4
Jester Wilson,MPO,The Social at Bluebell Woods presented by Latitude 64 ,1998.0,52.0,2
Paul Hodgson,MA40,The Social at Bluebell Woods presented by Latitude 64 ,1998.0,52.0,2
Sami Havuluoto,MPO,BIRN Amateur Championships ,101.0,1.0,100
Jack Edgar,MA2,BIRN Amateur Championships ,107.0,2.0,97
Ben Heywood,MPO,BIRN Amateur Championships ,108.0,3.0,95
Ewan Penman,MA2,BIRN Amateur Championships ,110.0,4.0,92
Ritchie Gardner,MA2,BIRN Amateur Championships ,111.0,5.0,90
Jester Wilson,MPO,BIRN Amateur Championships ,112.0,6.0,88
Callum Taylor,MA2,BIRN Amateur Championships ,112.0,6.0,88
Alan Davidson,MA2,BIRN Amateur Championships ,113.0,8.0,83
Cole Hamilton,MA2,BIRN Amateur Championships ,114.0,9.0,81
Callum Girdwood,MA3,BIRN Amateur Championships ,116.0,10.0,78
Kyle Roderick,MA2,BIRN Amateur Championships ,117.0,11.0,76
Penn Glendinning,MA2,BIRN Amateur Championships ,118.0,12.0,74
Thomas Wells,MA2,BIRN Amateur Championships ,119.0,13.0,71
Richard Backhouse,MA3,BIRN Amateur Championships ,119.0,13.0,71
Graham McGill,MA40,BIRN Amateur Championships ,120.0,15.0,67
Tiffany Strandbygaard,MA2,BIRN Amateur Championships ,120.0,15.0,67
A.J. Cotnoir,MA2,BIRN Amateur Championships ,120.0,15.0,67
Alex Burton,MA3,BIRN Amateur Championships ,120.0,15.0,67
Robert Ng,MA40,BIRN Amateur Championships ,121.0,19.0,57
Seamus Scanlon,MA2,BIRN Amateur Championships ,121.0,19.0,57
Laurence Jordan,MA2,BIRN Amateur Championships ,121.0,19.0,57
Phil Kirby,MA3,BIRN Amateur Championships ,121.0,19.0,57
John Hood,MA3,BIRN Amateur Championships ,121.0,19.0,57
Ross Brown,MA3,BIRN Amateur Championships ,121.0,19.0,57
Martin Hill,MA2,BIRN Amateur Championships ,122.0,25.0,43
Adrian Sorin Mutei,MA2,BIRN Amateur Championships ,125.0,26.0,41
Benny Sood,MA2,BIRN Amateur Championships ,125.0,26.0,41
Max Winkelmann,MA4,BIRN Amateur Championships ,126.0,28.0,36
Euan Pettitt,MA50,BIRN Amateur Championships ,127.0,29.0,34
Euan Boyle,MA3,BIRN Amateur Championships ,127.0,29.0,34
James Reddaway,MA3,BIRN Amateur Championships ,127.0,29.0,34
Peter Morrison,MA3,BIRN Amateur Championships ,128.0,32.0,26
Paul Molloy,MA50,BIRN Amateur Championships ,129.0,33.0,24
Kristopher Glen,MA3,BIRN Amateur Championships ,129.0,33.0,24
Danny Glen,MA3,BIRN Amateur Championships ,130.0,35.0,19
Jason Glen,MA4,BIRN Amateur Championships ,130.0,35.0,19
Richard Beaumont,MA40,BIRN Amateur Championships ,131.0,37.0,15
Theo Craig,MA4,BIRN Amateur Championships ,132.0,38.0,12
Alastair Gower,MA40,BIRN Amateur Championships ,135.0,39.0,10
Shaun MacEachen,MA4,BIRN Amateur Championships ,145.0,40.0,8
Rowan Gower,MJ12,BIRN Amateur Championships ,150.0,41.0,5
Maverick Beaumont,MJ08,BIRN Amateur Championships ,174.0,42.0,3
Jake Wells,MJ10,BIRN Amateur Championships ,201.0,43.0,1
Rick Rick,MPO,RRR : Rosshall-Ruchill Rumble 2023,99.0,1.0,100
Sami Havuluoto,MPO,RRR : Rosshall-Ruchill Rumble 2023,102.0,2.0,97
Pete Dawson,MPO,RRR : Rosshall-Ruchill Rumble 2023,104.0,3.0,95
Ben Preston,MPO,RRR : Rosshall-Ruchill Rumble 2023,104.0,3.0,95
Jack Edgar,MA1,RRR : Rosshall-Ruchill Rumble 2023,105.0,5.0,91
Fergus McLean,MA1,RRR : Rosshall-Ruchill Rumble 2023,105.0,5.0,91
Jester Wilson,MPO,RRR : Rosshall-Ruchill Rumble 2023,108.0,7.0,87
Patrick McCauley,MPO,RRR : Rosshall-Ruchill Rumble 2023,108.0,7.0,87
Alan Davidson,MA1,RRR : Rosshall-Ruchill Rumble 2023,109.0,9.0,83
Seamus Scanlon,MA50,RRR : Rosshall-Ruchill Rumble 2023,109.0,9.0,83
Ben Heywood,MPO,RRR : Rosshall-Ruchill Rumble 2023,110.0,11.0,79
Martin Hill,MA1,RRR : Rosshall-Ruchill Rumble 2023,110.0,11.0,79
Richard Backhouse,MA3,RRR : Rosshall-Ruchill Rumble 2023,110.0,11.0,79
Lloyd Wells,MA40,RRR : Rosshall-Ruchill Rumble 2023,111.0,14.0,73
Graham McGill,MA40,RRR : Rosshall-Ruchill Rumble 2023,114.0,15.0,71
John Hood,MA3,RRR : Rosshall-Ruchill Rumble 2023,114.0,15.0,71
Ewan Penman,MA1,RRR : Rosshall-Ruchill Rumble 2023,117.0,17.0,67
Ritchie Gardner,MA2,RRR : Rosshall-Ruchill Rumble 2023,120.0,18.0,64
Ross Brown,MA3,RRR : Rosshall-Ruchill Rumble 2023,120.0,18.0,64
Thomas Wells,MA2,RRR : Rosshall-Ruchill Rumble 2023,121.0,20.0,60
Alex Burton,MA3,RRR : Rosshall-Ruchill Rumble 2023,121.0,20.0,60
Christopher Burrows,MPO,RRR : Rosshall-Ruchill Rumble 2023,122.0,22.0,56
Paul Molloy,MA50,RRR : Rosshall-Ruchill Rumble 2023,122.0,22.0,56
Laura Fyfe,MA3,RRR : Rosshall-Ruchill Rumble 2023,122.0,22.0,56
Tiffany Strandbygaard,MA1,RRR : Rosshall-Ruchill Rumble 2023,124.0,25.0,50
Adrian Sorin Mutei,MA2,RRR : Rosshall-Ruchill Rumble 2023,124.0,25.0,50
Kyle Roderick,MA2,RRR : Rosshall-Ruchill Rumble 2023,124.0,25.0,50
Trevor Bechtel,MA40,RRR : Rosshall-Ruchill Rumble 2023,125.0,28.0,44
Robert Ng,MA40,RRR : Rosshall-Ruchill Rumble 2023,125.0,28.0,44
Benny Sood,MA2,RRR : Rosshall-Ruchill Rumble 2023,125.0,28.0,44
Euan Boyle,MA3,RRR : Rosshall-Ruchill Rumble 2023,125.0,28.0,44
Tony Deebank,MA2,RRR : Rosshall-Ruchill Rumble 2023,126.0,32.0,36
Callum Girdwood,MA3,RRR : Rosshall-Ruchill Rumble 2023,126.0,32.0,36
Jason Glen,MA3,RRR : Rosshall-Ruchill Rumble 2023,127.0,34.0,31
Max Winkelmann,MA3,RRR : Rosshall-Ruchill Rumble 2023,127.0,34.0,31
Peter Dagen,MA1,RRR : Rosshall-Ruchill Rumble 2023,128.0,36.0,27
Peter Keightley,MA50,RRR : Rosshall-Ruchill Rumble 2023,129.0,37.0,25
Callum Beattie,MA2,RRR : Rosshall-Ruchill Rumble 2023,129.0,37.0,25
Kristopher Glen,MA3,RRR : Rosshall-Ruchill Rumble 2023,129.0,37.0,25
Hugh Watson,MA50,RRR : Rosshall-Ruchill Rumble 2023,131.0,40.0,19
Thomas Dunn,MA2,RRR : Rosshall-Ruchill Rumble 2023,131.0,40.0,19
Ash Riley,MA3,RRR : Rosshall-Ruchill Rumble 2023,131.0,40.0,19
Peter Morrison,MA3,RRR : Rosshall-Ruchill Rumble 2023,134.0,43.0,13
Shaun MacEachen,MA3,RRR : Rosshall-Ruchill Rumble 2023,136.0,44.0,11
Roisin Kelly,FA2,RRR : Rosshall-Ruchill Rumble 2023,140.0,45.0,9
Leo Tan,MA3,RRR : Rosshall-Ruchill Rumble 2023,142.0,46.0,7
Arvind Sood,MA50,RRR : Rosshall-Ruchill Rumble 2023,148.0,47.0,5
Flora Rougvie,FA2,RRR : Rosshall-Ruchill Rumble 2023,154.0,48.0,3
Ben Bolton,MA1,RRR : Rosshall-Ruchill Rumble 2023,1998.0,49.0,1
Asim Ali,MA1,Hyzer on the Hill DGC Stormont Estate 2023 - Sponsored By Whale Sacs,98.0,1.0,100
Daniel Morgan,MA1,Hyzer on the Hill DGC Stormont Estate 2023 - Sponsored By Whale Sacs,101.0,2.0,97
David Gilkinson,MA1,Hyzer on the Hill DGC Stormont Estate 2023 - Sponsored By Whale Sacs,102.0,3.0,94
Ewan Penman,MA1,Hyzer on the Hill DGC Stormont Estate 2023 - Sponsored By Whale Sacs,103.0,4.0,92
Graham McGill,MA1,Hyzer on the Hill DGC Stormont Estate 2023 - Sponsored By Whale Sacs,106.0,5.0,89
Chris Bialecki,MA1,Hyzer on the Hill DGC Stormont Estate 2023 - Sponsored By Whale Sacs,107.0,6.0,87
Sean Craig,MA1,Hyzer on the Hill DGC Stormont Estate 2023 - Sponsored By Whale Sacs,108.0,7.0,84
Ritchie Gardner,MA2,Hyzer on the Hill DGC Stormont Estate 2023 - Sponsored By Whale Sacs,108.0,7.0,84
Jake Walpole,MA1,Hyzer on the Hill DGC Stormont Estate 2023 - Sponsored By Whale Sacs,109.0,9.0,79
Isaac McCauley,MA1,Hyzer on the Hill DGC Stormont Estate 2023 - Sponsored By Whale Sacs,109.0,9.0,79
Patrick McGeough,MA1,Hyzer on the Hill DGC Stormont Estate 2023 - Sponsored By Whale Sacs,109.0,9.0,79
Matt Davis,MA1,Hyzer on the Hill DGC Stormont Estate 2023 - Sponsored By Whale Sacs,109.0,9.0,79
Andrew Coulter,MA1,Hyzer on the Hill DGC Stormont Estate 2023 - Sponsored By Whale Sacs,110.0,13.0,69
Peter Campbell,MA2,Hyzer on the Hill DGC Stormont Estate 2023 - Sponsored By Whale Sacs,110.0,13.0,69
Markus Condren,MA2,Hyzer on the Hill DGC Stormont Estate 2023 - Sponsored By Whale Sacs,113.0,15.0,64
Ross Brown,MA3,Hyzer on the Hill DGC Stormont Estate 2023 - Sponsored By Whale Sacs,113.0,15.0,64
Alan Hogg,MA3,Hyzer on the Hill DGC Stormont Estate 2023 - Sponsored By Whale Sacs,115.0,17.0,59
Peter Morrison,MA2,Hyzer on the Hill DGC Stormont Estate 2023 - Sponsored By Whale Sacs,116.0,18.0,56
Harry McCallum,MA2,Hyzer on the Hill DGC Stormont Estate 2023 - Sponsored By Whale Sacs,116.0,18.0,56
Alec Schmidt,MA3,Hyzer on the Hill DGC Stormont Estate 2023 - Sponsored By Whale Sacs,116.0,18.0,56
Pádraig Mulholland,MA2,Hyzer on the Hill DGC Stormont Estate 2023 - Sponsored By Whale Sacs,119.0,21.0,49
Evan Vellis,MA2,Hyzer on the Hill DGC Stormont Estate 2023 - Sponsored By Whale Sacs,121.0,22.0,46
Kristopher Glen,MA3,Hyzer on the Hill DGC Stormont Estate 2023 - Sponsored By Whale Sacs,121.0,22.0,46
Jason Glen,MA3,Hyzer on the Hill DGC Stormont Estate 2023 - Sponsored By Whale Sacs,121.0,22.0,46
Nate Yarr,MA2,Hyzer on the Hill DGC Stormont Estate 2023 - Sponsored By Whale Sacs,122.0,25.0,39
Neil Gordan,MA3,Hyzer on the Hill DGC Stormont Estate 2023 - Sponsored By Whale Sacs,122.0,25.0,39
David Finley,MA3,Hyzer on the Hill DGC Stormont Estate 2023 - Sponsored By Whale Sacs,123.0,27.0,34
Jonathan Workman,MA3,Hyzer on the Hill DGC Stormont Estate 2023 - Sponsored By Whale Sacs,126.0,28.0,31
Andrew Janes,MA2,Hyzer on the Hill DGC Stormont Estate 2023 - Sponsored By Whale Sacs,128.0,29.0,28
Brian Rainey,MA3,Hyzer on the Hill DGC Stormont Estate 2023 - Sponsored By Whale Sacs,132.0,30.0,26
Marc Boyd,MA3,Hyzer on the Hill DGC Stormont Estate 2023 - Sponsored By Whale Sacs,136.0,31.0,23
Thoren Long,MA3,Hyzer on the Hill DGC Stormont Estate 2023 - Sponsored By Whale Sacs,138.0,32.0,21
Pádraig Ó Gráda,MA3,Hyzer on the Hill DGC Stormont Estate 2023 - Sponsored By Whale Sacs,140.0,33.0,18
Bronagh Murray,FA1,Hyzer on the Hill DGC Stormont Estate 2023 - Sponsored By Whale Sacs,141.0,34.0,16
Tobi Bialecki,MA3,Hyzer on the Hill DGC Stormont Estate 2023 - Sponsored By Whale Sacs,142.0,35.0,13
Aobh Sharvin,FA1,Hyzer on the Hill DGC Stormont Estate 2023 - Sponsored By Whale Sacs,147.0,36.0,11
Corey Hanna,FA1,Hyzer on the Hill DGC Stormont Estate 2023 - Sponsored By Whale Sacs,152.0,37.0,8
Richard Thompson,MA3,Hyzer on the Hill DGC Stormont Estate 2023 - Sponsored By Whale Sacs,193.0,38.0,6
Leannae Dowey,FA1,Hyzer on the Hill DGC Stormont Estate 2023 - Sponsored By Whale Sacs,213.0,39.0,3
Sean Henry,MA3,Hyzer on the Hill DGC Stormont Estate 2023 - Sponsored By Whale Sacs,1998.0,40.0,1
Charlie O'Brien,MPO,Scottish National Championships,164.0,1.0,120
Joe O'Brien,MPO,Scottish National Championships,182.0,2.0,117
Ben Preston,MPO,Scottish National Championships,183.0,3.0,115
Pete Dawson,MPO,Scottish National Championships,185.0,4.0,112
Michael Sharkey,MPO,Scottish National Championships,186.0,5.0,111
Chris Flyin’ O'Brien,MPO,Scottish National Championships,188.0,6.0,109
Rick Rick,MPO,Scottish National Championships,192.0,7.0,106
John Bruce,MPO,Scottish National Championships,192.0,7.0,106
Rachel Turton,FPO,Scottish National Championships,192.0,7.0,106
Ewan Penman,MA1,Scottish National Championships,194.0,10.0,100
Ben Heywood,MP40,Scottish National Championships,195.0,11.0,98
Ross MacSporran,MA1,Scottish National Championships,196.0,12.0,97
Graham McGill,MA40,Scottish National Championships,200.0,13.0,94
Paul Hodgson,MA40,Scottish National Championships,201.0,14.0,92
Andrew Finlay,MA40,Scottish National Championships,204.0,15.0,91
Martin Hill,MA1,Scottish National Championships,205.0,16.0,88
Patrick McCauley,MPO,Scottish National Championships,207.0,17.0,86
Jack Edgar,MA1,Scottish National Championships,209.0,18.0,84
Alan Davidson,MA1,Scottish National Championships,210.0,19.0,82
Thomas Wells,MA2,Scottish National Championships,210.0,19.0,82
Callum Taylor,MA1,Scottish National Championships,211.0,21.0,78
Cole Hamilton,MA1,Scottish National Championships,211.0,21.0,78
Tiffany Strandbygaard,FA1,Scottish National Championships,213.0,23.0,74
Trevor Bechtel,MA40,Scottish National Championships,213.0,23.0,74
Fergus McLean,MA1,Scottish National Championships,214.0,25.0,70
Lloyd Wells,MA40,Scottish National Championships,214.0,25.0,70
Kyle Roderick,MA2,Scottish National Championships,214.0,25.0,70
Harry Messenger,MA1,Scottish National Championships,215.0,28.0,63
Ben Bolton,MA1,Scottish National Championships,215.0,28.0,63
Nathan Cox,MA1,Scottish National Championships,217.0,30.0,60
David Wilson,MA40,Scottish National Championships,219.0,31.0,57
Callum Beattie,MA2,Scottish National Championships,226.0,32.0,56
Richard Beaumont,MA4,Scottish National Championships,395.0,33.0,54
Laura Fyfe,MA4,Scottish National Championships,412.0,34.0,51
Grant Lopes,MA4,Scottish National Championships,412.0,34.0,51
Tom Bowen,MA4,Scottish National Championships,418.0,36.0,48
Euan Pettitt,MA50,Scottish National Championships,422.0,37.0,45
Ritchie Gardner,MA3,Scottish National Championships,426.0,38.0,43
Richard Backhouse,MA3,Scottish National Championships,426.0,38.0,43
Duffy .,MA3,Scottish National Championships,427.0,40.0,39
Ross Brown,MA3,Scottish National Championships,428.0,41.0,37
John Hood,MA3,Scottish National Championships,431.0,42.0,36
Peter Morrison,MA3,Scottish National Championships,435.0,43.0,33
FRENCHIE .,MA50,Scottish National Championships,438.0,44.0,31
Callum Girdwood,MA3,Scottish National Championships,441.0,45.0,28
James Clark,MA3,Scottish National Championships,441.0,45.0,28
Ryan Junor,MA3,Scottish National Championships,442.0,47.0,25
Phil Kirby,MA3,Scottish National Championships,442.0,47.0,25
Peter Keightley,MA50,Scottish National Championships,443.0,49.0,21
Thomas Dunn,MA3,Scottish National Championships,448.0,50.0,19
Euan Boyle,MA3,Scottish National Championships,450.0,51.0,16
James Reddaway,MA3,Scottish National Championships,450.0,51.0,16
Eric Turton,MA60,Scottish National Championships,451.0,53.0,13
Taran Fiddes,MA3,Scottish National Championships,1998.0,54.0,10
Peter O'Brien,MA3,Scottish National Championships,1998.0,54.0,10
Kristopher Glen,MA4,Scottish National Championships,1998.0,54.0,10
Cammy Greig,MA4,Scottish National Championships,1998.0,54.0,10
Rowan Gower,MJ12,Scottish National Championships,1998.0,54.0,10
Maverick Beaumont,MJ08,Scottish National Championships,1998.0,54.0,10
Rick Rick,MPO,GGO: Glasgow GIAB Open 2023,141.0,1.0,100
Ashton Gade,MPO,GGO: Glasgow GIAB Open 2023,144.0,2.0,97
Chris Smith,MPO,GGO: Glasgow GIAB Open 2023,155.0,3.0,95
Rachel Turton,MPO,GGO: Glasgow GIAB Open 2023,158.0,4.0,93
Callum Taylor,MA2,GGO: Glasgow GIAB Open 2023,160.0,5.0,91
Sami Havuluoto,MPO,GGO: Glasgow GIAB Open 2023,162.0,6.0,89
Jester Wilson,MP40,GGO: Glasgow GIAB Open 2023,165.0,7.0,86
Graham McGill,MA40,GGO: Glasgow GIAB Open 2023,165.0,7.0,86
Alan Davidson,MA1,GGO: Glasgow GIAB Open 2023,166.0,9.0,82
Richard Backhouse,MA3,GGO: Glasgow GIAB Open 2023,166.0,9.0,82
Peter Dagen,MA1,GGO: Glasgow GIAB Open 2023,167.0,11.0,78
Fergus McLean,MA1,GGO: Glasgow GIAB Open 2023,167.0,11.0,78
Ben Heywood,MP40,GGO: Glasgow GIAB Open 2023,170.0,13.0,73
Stephen Coulter,MA1,GGO: Glasgow GIAB Open 2023,172.0,14.0,71
Patrick McCauley,MPO,GGO: Glasgow GIAB Open 2023,173.0,15.0,69
Ross MacSporran,MA1,GGO: Glasgow GIAB Open 2023,173.0,15.0,69
Thomas Wells,MA2,GGO: Glasgow GIAB Open 2023,176.0,17.0,64
Phil Kirby,MA3,GGO: Glasgow GIAB Open 2023,176.0,17.0,64
John Hood,MA3,GGO: Glasgow GIAB Open 2023,177.0,19.0,60
Benny Sood,MA2,GGO: Glasgow GIAB Open 2023,178.0,20.0,58
Peter Morrison,MA3,GGO: Glasgow GIAB Open 2023,178.0,20.0,58
Graham Robbie,MP40,GGO: Glasgow GIAB Open 2023,179.0,22.0,53
Alex Burton,MA3,GGO: Glasgow GIAB Open 2023,179.0,22.0,53
David Lindsay,MA1,GGO: Glasgow GIAB Open 2023,180.0,24.0,49
Paul Molloy,MA50,GGO: Glasgow GIAB Open 2023,180.0,24.0,49
Lloyd Wells,MA40,GGO: Glasgow GIAB Open 2023,181.0,26.0,45
Mauro Allietta,MA2,GGO: Glasgow GIAB Open 2023,181.0,26.0,45
Daniel Morgan,MA1,GGO: Glasgow GIAB Open 2023,182.0,28.0,40
FRENCHIE .,MA50,GGO: Glasgow GIAB Open 2023,183.0,29.0,38
Andrew Coulter,MA1,GGO: Glasgow GIAB Open 2023,184.0,30.0,36
Laura Fyfe,MA3,GGO: Glasgow GIAB Open 2023,186.0,31.0,34
Euan Boyle,MA3,GGO: Glasgow GIAB Open 2023,187.0,32.0,31
Jason Glen,MA3,GGO: Glasgow GIAB Open 2023,187.0,32.0,31
Peter Keightley,MA50,GGO: Glasgow GIAB Open 2023,188.0,34.0,27
Callum Beattie,MA2,GGO: Glasgow GIAB Open 2023,189.0,35.0,25
Tony Deebank,MA2,GGO: Glasgow GIAB Open 2023,190.0,36.0,23
Ross Brown,MA3,GGO: Glasgow GIAB Open 2023,192.0,37.0,20
Eric Turton,MA60,GGO: Glasgow GIAB Open 2023,201.0,38.0,18
Kristopher Glen,MA3,GGO: Glasgow GIAB Open 2023,201.0,38.0,18
Hugh Watson,MA50,GGO: Glasgow GIAB Open 2023,202.0,40.0,14
Mike Beard,MA3,GGO: Glasgow GIAB Open 2023,202.0,40.0,14
Leo Tan,MA3,GGO: Glasgow GIAB Open 2023,204.0,42.0,9
James Reddaway,MA3,GGO: Glasgow GIAB Open 2023,205.0,43.0,7
Domenico Gioda,MA40,GGO: Glasgow GIAB Open 2023,208.0,44.0,5
Brendan McCauley,MA50,GGO: Glasgow GIAB Open 2023,209.0,45.0,3
Seamus Scanlon,MA50,GGO: Glasgow GIAB Open 2023,1998.0,46.0,1
